id,first_name,last_name,email,gender
1,Lotti,Schwand,lschwand0@pbs.org,Female
2,Thorn,Poone,tpoone1@meetup.com,Male
3,Micky,Ducarne,mducarne2@sciencedaily.com,Female
4,Ewart,Skirving,eskirving3@altervista.org,Agender
5,Raina,MacRonald,rmacronald4@globo.com,Female
6,Halsey,Morlon,hmorlon5@t-online.de,Male
7,Reinaldos,Pitkaithly,rpitkaithly6@nyu.edu,Male
8,Arlyne,Croney,acroney7@ucsd.edu,Female
9,Sherman,Maasz,smaasz8@senate.gov,Male
10,Beitris,Astill,bastill9@archive.org,Female
11,Hendrika,Lynnitt,hlynnitta@ycombinator.com,Female
12,Ardelia,Blomfield,ablomfieldb@guardian.co.uk,Female
13,Maggy,Valadez,mvaladezc@1und1.de,Female
14,Ian,Offer,iofferd@posterous.com,Male
15,Aurel,Reinhart,areinharte@delicious.com,Female
16,Reginauld,Tax,rtaxf@psu.edu,Male
17,Lorens,Rolfe,lrolfeg@sakura.ne.jp,Male
18,Pepito,Wardlow,pwardlowh@google.de,Male
19,Jillana,Beamand,jbeamandi@hao123.com,Female
20,Cara,Bier,cbierj@usa.gov,Female
21,Ricky,Westmore,rwestmorek@nifty.com,Male
22,Golda,Robelow,grobelowl@skyrock.com,Female
23,Audra,Jenk,ajenkm@blogtalkradio.com,Female
24,Ulric,Crumley,ucrumleyn@marriott.com,Male
25,Dorie,Beminster,dbeminstero@webnode.com,Male
26,Agretha,Danielut,adanielutp@time.com,Female
27,Casi,Curdell,ccurdellq@ft.com,Female
28,Bryana,Pinwell,bpinwellr@nasa.gov,Female
29,Clio,Ludron,cludrons@geocities.jp,Female
30,Rutherford,Auletta,raulettat@t.co,Male
31,Michale,Nisius,mnisiusu@buzzfeed.com,Male
32,Tara,Couch,tcouchv@livejournal.com,Female
33,Flossi,Simmgen,fsimmgenw@nba.com,Female
34,Tally,Norval,tnorvalx@berkeley.edu,Male
35,Carolan,Fenton,cfentony@elegantthemes.com,Genderfluid
36,Aidan,Skeates,askeatesz@github.io,Female
37,Claudell,Munn,cmunn10@imageshack.us,Male
38,Kittie,Brisse,kbrisse11@time.com,Female
39,Issiah,Ayliffe,iayliffe12@indiatimes.com,Male
40,Latia,Kennagh,lkennagh13@t.co,Female
41,Skip,Sherlaw,ssherlaw14@examiner.com,Agender
42,Willabella,Gymblett,wgymblett15@cdbaby.com,Female
43,Meryl,Andreacci,mandreacci16@nationalgeographic.com,Male
44,Nonna,Verryan,nverryan17@webeden.co.uk,Female
45,Jemima,Goulbourn,jgoulbourn18@creativecommons.org,Female
46,Krysta,Downse,kdownse19@jigsy.com,Female
47,Far,Cosby,fcosby1a@ustream.tv,Male
48,Frannie,Blennerhassett,fblennerhassett1b@columbia.edu,Male
49,Lilas,Gaynor,lgaynor1c@wikia.com,Female
50,Bendick,Overil,boveril1d@sohu.com,Male
51,Alexio,Hallwood,ahallwood1e@t-online.de,Male
52,Briggs,Matchell,bmatchell1f@hhs.gov,Male
53,Curtis,McCall,cmccall1g@who.int,Non-binary
54,Blake,Loadsman,bloadsman1h@free.fr,Male
55,Moss,Channing,mchanning1i@army.mil,Male
56,Ad,Velti,avelti1j@posterous.com,Male
57,Andrew,McMarquis,amcmarquis1k@alibaba.com,Male
58,Andy,Beardsworth,abeardsworth1l@epa.gov,Female
59,Teodora,Guerrin,tguerrin1m@moonfruit.com,Female
60,Krispin,Palfree,kpalfree1n@wired.com,Male
61,Gennie,Chittock,gchittock1o@hao123.com,Female
62,Philippe,Deners,pdeners1p@mtv.com,Female
63,Car,Thunnercliff,cthunnercliff1q@foxnews.com,Male
64,Broddie,Saywell,bsaywell1r@yellowbook.com,Male
65,Henriette,Nana,hnana1s@upenn.edu,Female
66,Darin,Soles,dsoles1t@reddit.com,Male
67,Orran,Kringe,okringe1u@dot.gov,Male
68,Cletus,Nunnery,cnunnery1v@mac.com,Male
69,Gwendolin,Verrillo,gverrillo1w@geocities.com,Female
70,Adi,Atkyns,aatkyns1x@networksolutions.com,Female
71,Mufinella,Lasseter,mlasseter1y@comcast.net,Bigender
72,Anjela,Lakin,alakin1z@marriott.com,Female
73,Mariel,McGarva,mmcgarva20@washington.edu,Female
74,Clemmie,Dorran,cdorran21@mediafire.com,Male
75,Colline,Wyrall,cwyrall22@joomla.org,Female
76,Chandler,Carpmile,ccarpmile23@adobe.com,Male
77,Nestor,Moyler,nmoyler24@tripod.com,Male
78,Lorraine,Esland,lesland25@webeden.co.uk,Non-binary
79,Cacilia,Sandeland,csandeland26@sbwire.com,Female
80,Kelley,Chesser,kchesser27@archive.org,Male
81,Clea,Christophersen,cchristophersen28@quantcast.com,Female
82,Brockie,Bakey,bbakey29@nymag.com,Male
83,Fiorenze,Gounet,fgounet2a@usnews.com,Female
84,Axe,Slane,aslane2b@google.fr,Male
85,Evonne,Baulk,ebaulk2c@ft.com,Polygender
86,Tabbatha,Lytle,tlytle2d@stumbleupon.com,Female
87,Lawry,Wrefford,lwrefford2e@slideshare.net,Male
88,Cara,Tanzig,ctanzig2f@google.co.jp,Female
89,Corinne,Borleace,cborleace2g@wiley.com,Female
90,Alastair,Torricina,atorricina2h@t-online.de,Male
91,Nydia,Mulloch,nmulloch2i@ucoz.com,Female
92,Elvira,Claussen,eclaussen2j@google.ru,Female
93,Rodrique,Bess,rbess2k@wix.com,Male
94,Catherina,Filipychev,cfilipychev2l@technorati.com,Female
95,Danita,Oxberry,doxberry2m@nationalgeographic.com,Female
96,Rorie,Lory,rlory2n@livejournal.com,Female
97,Edvard,Jorn,ejorn2o@nhs.uk,Male
98,Lawrence,Grayshan,lgrayshan2p@google.com.hk,Male
99,Nola,Hazeltine,nhazeltine2q@msn.com,Female
100,Nichols,Zimek,nzimek2r@mapy.cz,Male
101,Cammi,Sall,csall2s@cisco.com,Genderqueer
102,Shantee,Perigoe,sperigoe2t@smh.com.au,Bigender
103,Robena,Batterham,rbatterham2u@altervista.org,Genderfluid
104,Filberto,Loxly,floxly2v@skyrock.com,Male
105,Neville,Dallin,ndallin2w@altervista.org,Male
106,Ivor,Jiggins,ijiggins2x@state.tx.us,Male
107,Celesta,Penreth,cpenreth2y@live.com,Female
108,Fabian,Liddy,fliddy2z@house.gov,Male
109,Izabel,Daubeny,idaubeny30@ibm.com,Female
110,Frederica,Cobson,fcobson31@vkontakte.ru,Female
111,Eward,Kyberd,ekyberd32@biglobe.ne.jp,Male
112,Garvey,Oxe,goxe33@wikia.com,Male
113,Phillie,Brenard,pbrenard34@meetup.com,Female
114,Courtnay,Aingel,caingel35@toplist.cz,Male
115,Alyssa,Rowbottom,arowbottom36@blogtalkradio.com,Female
116,Ellissa,Lehemann,elehemann37@harvard.edu,Female
117,Haily,Mecozzi,hmecozzi38@eventbrite.com,Male
118,Brittney,Dwyer,bdwyer39@blogger.com,Female
119,Marven,Joyson,mjoyson3a@desdev.cn,Bigender
120,Andee,Authers,aauthers3b@hhs.gov,Agender
121,Kenny,Buret,kburet3c@nationalgeographic.com,Male
122,Zenia,Gisbye,zgisbye3d@google.cn,Genderqueer
123,Tani,Giffaut,tgiffaut3e@comsenz.com,Female
124,Tab,Croutear,tcroutear3f@php.net,Male
125,Leela,Hanley,lhanley3g@delicious.com,Female
126,Blake,Fines,bfines3h@meetup.com,Male
127,Kandy,Clyne,kclyne3i@apache.org,Female
128,Engelbert,Worwood,eworwood3j@apple.com,Male
129,Joete,Klainman,jklainman3k@prweb.com,Polygender
130,Murry,Canet,mcanet3l@usatoday.com,Male
131,Estrellita,Buttrick,ebuttrick3m@diigo.com,Female
132,Renata,Stedell,rstedell3n@ca.gov,Female
133,Reagan,Pughe,rpughe3o@1und1.de,Male
134,Mario,Ryder,mryder3p@google.com.br,Bigender
135,Merrie,Ferras,mferras3q@google.com.br,Female
136,Shermy,Dalloway,sdalloway3r@multiply.com,Male
137,Ora,Maytum,omaytum3s@booking.com,Female
138,Clyde,Weatherburn,cweatherburn3t@uol.com.br,Male
139,Roch,Oertzen,roertzen3u@independent.co.uk,Female
140,Ranice,Scoffins,rscoffins3v@google.ca,Female
141,Kingsly,Parfett,kparfett3w@si.edu,Male
142,Jocelin,Bartrop,jbartrop3x@netlog.com,Female
143,Solomon,Humbert,shumbert3y@mozilla.org,Male
144,Fawn,Rule,frule3z@simplemachines.org,Female
145,Rosaline,Argontt,rargontt40@weibo.com,Female
146,Hieronymus,Ronnay,hronnay41@mapy.cz,Male
147,Bathsheba,Glamart,bglamart42@wikimedia.org,Female
148,Hymie,Pearne,hpearne43@dion.ne.jp,Male
149,Marietta,Topley,mtopley44@opera.com,Female
150,Frank,Haddow,fhaddow45@cmu.edu,Female
151,Janey,Demageard,jdemageard46@elegantthemes.com,Female
152,Hermann,Rivaland,hrivaland47@wikimedia.org,Male
153,Ginny,Bignal,gbignal48@cloudflare.com,Female
154,Adolph,Engelbrecht,aengelbrecht49@foxnews.com,Male
155,Mady,Frankham,mfrankham4a@topsy.com,Female
156,Cybil,Sparkwell,csparkwell4b@nymag.com,Genderfluid
157,Maison,Blastock,mblastock4c@nsw.gov.au,Male
158,Jarret,Brandsma,jbrandsma4d@csmonitor.com,Male
159,Nobie,Gann,ngann4e@amazon.co.uk,Male
160,Jeffy,Phillis,jphillis4f@shareasale.com,Male
161,Tadio,Howton,thowton4g@shutterfly.com,Male
162,Mildred,McCulloch,mmcculloch4h@123-reg.co.uk,Female
163,Lesli,Duce,lduce4i@opensource.org,Female
164,Marilee,Curreen,mcurreen4j@gov.uk,Female
165,Robbie,Alessandrucci,ralessandrucci4k@mlb.com,Female
166,Uta,Avraam,uavraam4l@mlb.com,Female
167,Erhart,Giacomello,egiacomello4m@sfgate.com,Male
168,Tammie,Dixson,tdixson4n@alexa.com,Genderqueer
169,Dave,Bowman,dbowman4o@aboutads.info,Male
170,Mirna,Westmancoat,mwestmancoat4p@elegantthemes.com,Female
171,Giles,Willishire,gwillishire4q@flickr.com,Male
172,Carlotta,Booy,cbooy4r@ted.com,Female
173,Claudio,Dutchburn,cdutchburn4s@lycos.com,Male
174,Talbert,Fattorini,tfattorini4t@elegantthemes.com,Male
175,Rosana,Channing,rchanning4u@dailymotion.com,Female
176,Katie,Bolter,kbolter4v@admin.ch,Genderqueer
177,Sibella,Oakly,soakly4w@sfgate.com,Female
178,Gunilla,Worster,gworster4x@quantcast.com,Female
179,Stefania,Gransden,sgransden4y@abc.net.au,Female
180,Russ,Duckering,rduckering4z@wunderground.com,Male
181,Faunie,Austick,faustick50@slate.com,Female
182,Karalynn,Menelaws,kmenelaws51@weebly.com,Female
183,Constanta,Rorke,crorke52@wikimedia.org,Agender
184,Hale,Beeby,hbeeby53@pbs.org,Agender
185,Roderich,Goymer,rgoymer54@w3.org,Bigender
186,Camey,Dunderdale,cdunderdale55@stanford.edu,Male
187,Quill,Marshfield,qmarshfield56@qq.com,Male
188,Lisa,Girardy,lgirardy57@imageshack.us,Agender
189,Benedikta,Legg,blegg58@unc.edu,Female
190,Giuseppe,Hinksen,ghinksen59@domainmarket.com,Male
191,Kari,Scamwell,kscamwell5a@quantcast.com,Female
192,Freeman,Ashburne,fashburne5b@live.com,Male
193,Suzette,Levermore,slevermore5c@pcworld.com,Female
194,Marijo,Cobbled,mcobbled5d@unc.edu,Female
195,Ethelda,Bartoloma,ebartoloma5e@furl.net,Genderfluid
196,Rupert,Nystrom,rnystrom5f@google.com.au,Male
197,Tamiko,Izod,tizod5g@amazon.co.uk,Non-binary
198,Alasteir,Shiers,ashiers5h@angelfire.com,Male
199,Evin,Roads,eroads5i@privacy.gov.au,Male
200,Edik,Brade,ebrade5j@jugem.jp,Male
201,Brennen,Querree,bquerree5k@instagram.com,Non-binary
202,Costa,Brightling,cbrightling5l@constantcontact.com,Male
203,Benoite,Stowte,bstowte5m@apache.org,Female
204,Hedda,Fairnington,hfairnington5n@howstuffworks.com,Female
205,Jarib,Donhardt,jdonhardt5o@php.net,Agender
206,Angelica,McVanamy,amcvanamy5p@dmoz.org,Female
207,Torey,Petrushanko,tpetrushanko5q@elegantthemes.com,Genderfluid
208,Auria,Keighley,akeighley5r@foxnews.com,Female
209,Ardeen,Gush,agush5s@oaic.gov.au,Female
210,Elga,Barthelet,ebarthelet5t@arizona.edu,Agender
211,Zandra,Burkart,zburkart5u@sciencedaily.com,Female
212,Samuele,Jurn,sjurn5v@hao123.com,Male
213,Elena,Kenrat,ekenrat5w@moonfruit.com,Genderfluid
214,Morgen,Gant,mgant5x@seattletimes.com,Male
215,Dido,Gair,dgair5y@nature.com,Female
216,Haze,Ormshaw,hormshaw5z@free.fr,Non-binary
217,Dyanna,Vanyakin,dvanyakin60@sun.com,Female
218,Jacquette,Latus,jlatus61@google.fr,Female
219,Ky,Puve,kpuve62@senate.gov,Male
220,Carolin,Samme,csamme63@amazon.com,Female
221,Carlita,Tarver,ctarver64@youtu.be,Female
222,Tucker,Cuerda,tcuerda65@e-recht24.de,Male
223,Ray,Crocket,rcrocket66@webeden.co.uk,Female
224,Job,Cusick,jcusick67@nature.com,Male
225,Odessa,Rodgerson,orodgerson68@xing.com,Female
226,Belle,McTaggart,bmctaggart69@exblog.jp,Genderqueer
227,Charla,Creber,ccreber6a@reference.com,Female
228,Mariam,Nanson,mnanson6b@livejournal.com,Female
229,Darryl,Stigers,dstigers6c@weebly.com,Male
230,Stephenie,Clawley,sclawley6d@wordpress.com,Female
231,Hilton,Stabbins,hstabbins6e@tinypic.com,Male
232,Yvor,Cuniffe,ycuniffe6f@ameblo.jp,Male
233,Claresta,Ianne,cianne6g@intel.com,Female
234,Marijo,Giorgielli,mgiorgielli6h@weibo.com,Female
235,Ruthe,Gorelli,rgorelli6i@ifeng.com,Female
236,Cesare,Minchinton,cminchinton6j@noaa.gov,Male
237,Carver,Piller,cpiller6k@dagondesign.com,Male
238,Earle,Miebes,emiebes6l@mediafire.com,Male
239,Onida,Belin,obelin6m@bigcartel.com,Genderfluid
240,Field,Easthope,feasthope6n@plala.or.jp,Male
241,Gregoire,Usher,gusher6o@nhs.uk,Male
242,Roze,Galpen,rgalpen6p@forbes.com,Female
243,Hughie,Rase,hrase6q@parallels.com,Male
244,Eula,Sneesby,esneesby6r@ow.ly,Genderfluid
245,Loree,Peirpoint,lpeirpoint6s@dedecms.com,Female
246,Ulrike,Cockton,ucockton6t@squarespace.com,Female
247,Salomi,Latey,slatey6u@intel.com,Female
248,Davis,McGrane,dmcgrane6v@tiny.cc,Genderfluid
249,Hervey,Boucher,hboucher6w@clickbank.net,Male
250,Tanya,Kyle,tkyle6x@fastcompany.com,Female
251,Merry,Deegan,mdeegan6y@people.com.cn,Male
252,Raymund,Meaking,rmeaking6z@google.co.jp,Male
253,Jeremiah,Harbison,jharbison70@reuters.com,Male
254,Christal,Hedylstone,chedylstone71@biblegateway.com,Female
255,Barclay,Ingleby,bingleby72@latimes.com,Male
256,Tandi,Hearnah,thearnah73@amazonaws.com,Female
257,Stephannie,Durbin,sdurbin74@jigsy.com,Female
258,Bevvy,Sinney,bsinney75@gmpg.org,Female
259,Conchita,Brewett,cbrewett76@vistaprint.com,Female
260,Traver,Maypowder,tmaypowder77@reddit.com,Male
261,Morlee,Boomes,mboomes78@hhs.gov,Male
262,Priscilla,Caplis,pcaplis79@so-net.ne.jp,Female
263,Lucienne,Yesenev,lyesenev7a@amazon.com,Female
264,Fredra,Savidge,fsavidge7b@ustream.tv,Female
265,Man,Stiegar,mstiegar7c@bloglovin.com,Male
266,Beulah,Bayldon,bbayldon7d@twitpic.com,Female
267,Waverley,Avrahm,wavrahm7e@google.co.jp,Male
268,Nickolas,Barme,nbarme7f@jugem.jp,Male
269,Danny,Redhole,dredhole7g@ow.ly,Female
270,Becki,Bangle,bbangle7h@umn.edu,Female
271,Link,Ianinotti,lianinotti7i@acquirethisname.com,Male
272,Melita,Crowter,mcrowter7j@google.com.br,Female
273,Mendie,Barlthrop,mbarlthrop7k@weather.com,Male
274,Megen,Windows,mwindows7l@weebly.com,Female
275,Muire,Haining,mhaining7m@marriott.com,Female
276,Libbie,Hubble,lhubble7n@weather.com,Genderfluid
277,Danita,Hubane,dhubane7o@amazonaws.com,Female
278,Willetta,Moline,wmoline7p@samsung.com,Female
279,Katya,Ebben,kebben7q@instagram.com,Female
280,Humfrey,Zappel,hzappel7r@toplist.cz,Male
281,Raimundo,Sesser,rsesser7s@google.es,Male
282,Livia,Andreu,landreu7t@utexas.edu,Female
283,Lotte,Mottram,lmottram7u@histats.com,Female
284,Juliana,Lequeux,jlequeux7v@nytimes.com,Female
285,Batholomew,Helkin,bhelkin7w@privacy.gov.au,Male
286,Josey,Dorset,jdorset7x@sitemeter.com,Female
287,Alisa,Gecke,agecke7y@ask.com,Female
288,Giffer,Hugnin,ghugnin7z@cafepress.com,Male
289,Munmro,Cowill,mcowill80@cyberchimps.com,Male
290,Alford,Asbery,aasbery81@ameblo.jp,Male
291,Rubetta,Volkers,rvolkers82@cafepress.com,Agender
292,Melanie,Milington,mmilington83@seesaa.net,Female
293,Nowell,Ashborne,nashborne84@twitpic.com,Male
294,Lulita,Hildred,lhildred85@hugedomains.com,Female
295,Worthy,Cornewell,wcornewell86@surveymonkey.com,Male
296,Travers,Ovens,tovens87@g.co,Agender
297,Rinaldo,Guidera,rguidera88@photobucket.com,Male
298,Geneva,Ullett,gullett89@vk.com,Female
299,Neilla,Bacon,nbacon8a@ucoz.com,Female
300,Lucina,Greenhouse,lgreenhouse8b@squidoo.com,Female
301,Brita,Burnsell,bburnsell8c@blogtalkradio.com,Female
302,Jorgan,Weatherdon,jweatherdon8d@ustream.tv,Male
303,Alfy,Rewcastle,arewcastle8e@europa.eu,Male
304,Thia,Murrie,tmurrie8f@sphinn.com,Female
305,Aindrea,Lay,alay8g@telegraph.co.uk,Female
306,Bertina,Purchon,bpurchon8h@forbes.com,Female
307,Vinny,Girardini,vgirardini8i@msn.com,Female
308,Benn,Lowis,blowis8j@jiathis.com,Male
309,Marcos,Coatts,mcoatts8k@weibo.com,Male
310,Claribel,Peacey,cpeacey8l@bing.com,Female
311,Eldredge,Heighton,eheighton8m@cafepress.com,Genderfluid
312,Shannen,Vlasyuk,svlasyuk8n@hibu.com,Female
313,Travis,Chadbourne,tchadbourne8o@tamu.edu,Male
314,Pavla,Highton,phighton8p@theguardian.com,Bigender
315,Rina,Ife,rife8q@comsenz.com,Female
316,Debera,Ivanov,divanov8r@sina.com.cn,Female
317,Calley,Sandyford,csandyford8s@google.com.br,Female
318,Lanni,Gouldthorpe,lgouldthorpe8t@irs.gov,Female
319,Maurita,Suerz,msuerz8u@reference.com,Female
320,Kerianne,Siebart,ksiebart8v@cmu.edu,Female
321,Evelyn,Martini,emartini8w@google.fr,Genderqueer
322,Abrahan,Borless,aborless8x@vkontakte.ru,Male
323,Dominik,Baldi,dbaldi8y@wikia.com,Male
324,Alison,Yoell,ayoell8z@sphinn.com,Genderfluid
325,Philipa,Dzeniskevich,pdzeniskevich90@stumbleupon.com,Female
326,Katie,Cotesford,kcotesford91@senate.gov,Female
327,Nertie,Denziloe,ndenziloe92@blinklist.com,Female
328,Mathe,Brody,mbrody93@diigo.com,Male
329,Jason,Rouke,jrouke94@jalbum.net,Male
330,Buddy,Corkell,bcorkell95@ftc.gov,Male
331,Tally,Kubin,tkubin96@indiegogo.com,Male
332,Amandie,Licquorish,alicquorish97@linkedin.com,Female
333,Hagan,Leijs,hleijs98@1und1.de,Male
334,Morgen,Clancy,mclancy99@nationalgeographic.com,Female
335,Hamilton,Nyles,hnyles9a@artisteer.com,Male
336,Melva,Brownscombe,mbrownscombe9b@deliciousdays.com,Female
337,Dore,Boswell,dboswell9c@cisco.com,Female
338,Blithe,Itzik,bitzik9d@mit.edu,Female
339,Hirsch,Nelthorp,hnelthorp9e@arizona.edu,Male
340,Ritchie,Scrowson,rscrowson9f@accuweather.com,Male
341,Andrej,Sandwich,asandwich9g@slashdot.org,Male
342,Bennett,Poyntz,bpoyntz9h@auda.org.au,Male
343,Quincy,Bolan,qbolan9i@guardian.co.uk,Male
344,Winslow,Grinter,wgrinter9j@wikipedia.org,Male
345,Freddy,Lorenzetti,florenzetti9k@rediff.com,Male
346,Welch,Lancley,wlancley9l@com.com,Male
347,Eliza,Bennit,ebennit9m@rediff.com,Female
348,Cleo,Marcu,cmarcu9n@disqus.com,Female
349,Boote,Jepperson,bjepperson9o@globo.com,Male
350,Dunn,Itzakovitz,ditzakovitz9p@mapy.cz,Genderfluid
351,Blanche,Skokoe,bskokoe9q@cyberchimps.com,Female
352,Aldon,Tellesson,atellesson9r@networksolutions.com,Male
353,Madelaine,Durante,mdurante9s@myspace.com,Female
354,Ferne,Risley,frisley9t@seattletimes.com,Female
355,Chelsy,Fitch,cfitch9u@ezinearticles.com,Female
356,Louise,Pittway,lpittway9v@flickr.com,Female
357,Raffarty,Hawking,rhawking9w@bravesites.com,Genderqueer
358,Zarah,Rikkard,zrikkard9x@oakley.com,Female
359,Donnajean,Freiburger,dfreiburger9y@nationalgeographic.com,Female
360,Janot,Gronav,jgronav9z@cnbc.com,Female
361,Perl,Agerskow,pagerskowa0@gravatar.com,Female
362,Cash,Anfrey,canfreya1@privacy.gov.au,Male
363,Foster,Southey,fsoutheya2@discovery.com,Male
364,Archie,Pert,aperta3@answers.com,Male
365,Johnna,Jackling,jjacklinga4@spiegel.de,Genderqueer
366,Amelina,Troker,atrokera5@usda.gov,Genderfluid
367,Lucais,Ferrick,lferricka6@vinaora.com,Male
368,Libbi,Duffrie,lduffriea7@xing.com,Female
369,Emma,Quiddington,equiddingtona8@mlb.com,Female
370,Fowler,Cowling,fcowlinga9@oakley.com,Male
371,Myranda,Tiebe,mtiebeaa@virginia.edu,Female
372,Arlena,Kitt,akittab@comsenz.com,Female
373,Florella,MacGillivray,fmacgillivrayac@typepad.com,Female
374,Connor,Greneham,cgrenehamad@mysql.com,Male
375,Joete,Stanyon,jstanyonae@last.fm,Female
376,Shayne,Adam,sadamaf@vk.com,Male
377,Ali,Odlin,aodlinag@skyrock.com,Male
378,Gideon,Headington,gheadingtonah@surveymonkey.com,Male
379,Rafi,Worsell,rworsellai@howstuffworks.com,Male
380,Thalia,Gadeaux,tgadeauxaj@latimes.com,Female
381,Krysta,Elcocks,kelcocksak@dedecms.com,Female
382,Timotheus,Awton,tawtonal@mediafire.com,Male
383,Chase,Crickmer,ccrickmeram@europa.eu,Male
384,Ardith,Chattelaine,achattelainean@pcworld.com,Female
385,Farica,Rossbrooke,frossbrookeao@ameblo.jp,Female
386,Martie,Woollhead,mwoollheadap@trellian.com,Male
387,Chrisse,Core,ccoreaq@tinypic.com,Male
388,Abigail,Padrick,apadrickar@mozilla.com,Female
389,Sherry,Tattersfield,stattersfieldas@symantec.com,Agender
390,Gisela,Henighan,ghenighanat@msu.edu,Female
391,Ruprecht,Chillistone,rchillistoneau@harvard.edu,Male
392,Tiena,Rhoddie,trhoddieav@nba.com,Female
393,Joelie,Toffoloni,jtoffoloniaw@netlog.com,Polygender
394,Rice,Hector,rhectorax@tmall.com,Male
395,Waylon,Battrum,wbattrumay@skype.com,Agender
396,Celina,Drayn,cdraynaz@marketwatch.com,Female
397,Kerrin,Sabatini,ksabatinib0@businesswire.com,Female
398,Bernarr,Mableson,bmablesonb1@hao123.com,Non-binary
399,Othello,Chrystal,ochrystalb2@nsw.gov.au,Male
400,Grant,Sleight,gsleightb3@yellowbook.com,Genderqueer
401,Farrell,Scaice,fscaiceb4@tripadvisor.com,Male
402,Ikey,Wessell,iwessellb5@usda.gov,Male
403,West,Beal,wbealb6@usa.gov,Male
404,Kyla,Denisyuk,kdenisyukb7@cisco.com,Female
405,Wilmette,Masters,wmastersb8@mediafire.com,Female
406,Bren,Hyslop,bhyslopb9@dot.gov,Male
407,Nealson,Weich,nweichba@networksolutions.com,Male
408,Tris,McCusker,tmccuskerbb@cisco.com,Male
409,Raphaela,Crookes,rcrookesbc@last.fm,Female
410,Ella,Himpson,ehimpsonbd@cnn.com,Female
411,Hale,MacGillivrie,hmacgillivriebe@sun.com,Male
412,Deloria,Battershall,dbattershallbf@apache.org,Non-binary
413,Hagan,Snape,hsnapebg@nationalgeographic.com,Male
414,Kerwinn,Pettifor,kpettiforbh@harvard.edu,Male
415,Lutero,Gummory,lgummorybi@cyberchimps.com,Male
416,Jecho,Jordine,jjordinebj@reuters.com,Bigender
417,Meggi,Partkya,mpartkyabk@cisco.com,Female
418,Jody,Tames,jtamesbl@dailymotion.com,Female
419,Murry,Anstice,mansticebm@va.gov,Male
420,Gerrard,Petican,gpeticanbn@netvibes.com,Male
421,Robena,Freire,rfreirebo@adobe.com,Female
422,Emanuele,Merritt,emerrittbp@nba.com,Male
423,Gertrud,Gloves,gglovesbq@istockphoto.com,Non-binary
424,Onfroi,Krzyzowski,okrzyzowskibr@taobao.com,Male
425,Maryann,Jeste,mjestebs@1und1.de,Female
426,Findley,Sams,fsamsbt@digg.com,Male
427,Norrie,De Cruce,ndecrucebu@amazon.co.uk,Male
428,Abbe,Smitheram,asmitherambv@blinklist.com,Female
429,Averyl,Moyse,amoysebw@joomla.org,Female
430,Gris,Engeham,gengehambx@phpbb.com,Genderqueer
431,Pietrek,Wellman,pwellmanby@mtv.com,Male
432,Yorke,Gurnay,ygurnaybz@google.cn,Male
433,Barris,Simenel,bsimenelc0@globo.com,Male
434,Raynell,Ockland,rocklandc1@digg.com,Female
435,Eduard,Gates,egatesc2@geocities.com,Male
436,Codi,Aristide,caristidec3@washingtonpost.com,Male
437,Wynny,George,wgeorgec4@php.net,Female
438,Osborn,Densell,odensellc5@patch.com,Male
439,Lorelle,Tibbits,ltibbitsc6@google.ca,Female
440,Genni,Gration,ggrationc7@nsw.gov.au,Female
441,Astra,Oliver-Paull,aoliverpaullc8@mit.edu,Female
442,Kerrin,Shearwood,kshearwoodc9@storify.com,Female
443,Abie,Guilloud,aguilloudca@ucoz.ru,Male
444,Arlee,Chessman,achessmancb@webmd.com,Female
445,Lincoln,Iacopetti,liacopetticc@artisteer.com,Male
446,Cesaro,Carvill,ccarvillcd@i2i.jp,Male
447,Natalee,Dowley,ndowleyce@xinhuanet.com,Agender
448,Lars,Petracco,lpetraccocf@jiathis.com,Male
449,Marybeth,Knappett,mknappettcg@elegantthemes.com,Female
450,Teresa,Raun,traunch@un.org,Female
451,Llywellyn,Dugald,ldugaldci@admin.ch,Male
452,Nadeen,Poyle,npoylecj@scribd.com,Bigender
453,Renaud,Andrzejowski,randrzejowskick@foxnews.com,Bigender
454,Marni,Hebblethwaite,mhebblethwaitecl@behance.net,Female
455,Dunc,Minot,dminotcm@techcrunch.com,Male
456,Heloise,Briston,hbristoncn@youku.com,Female
457,Connie,Fache,cfacheco@canalblog.com,Non-binary
458,Jedediah,Thornewell,jthornewellcp@skyrock.com,Male
459,Montague,Tuckie,mtuckiecq@soup.io,Male
460,Lock,Blasio,lblasiocr@hexun.com,Male
461,Fairfax,Bastard,fbastardcs@hubpages.com,Male
462,Marlo,Rahill,mrahillct@tumblr.com,Male
463,Riki,Jarrette,rjarrettecu@nbcnews.com,Female
464,Marybeth,Newbury,mnewburycv@infoseek.co.jp,Female
465,Wynny,Dowse,wdowsecw@theglobeandmail.com,Female
466,Francyne,Corkitt,fcorkittcx@cisco.com,Female
467,Gar,Scrogges,gscroggescy@msu.edu,Male
468,Aluin,Gosse,agossecz@imdb.com,Male
469,Bank,Josse,bjossed0@noaa.gov,Male
470,Xylia,Linnemann,xlinnemannd1@nationalgeographic.com,Bigender
471,Ortensia,Gilluley,ogilluleyd2@sourceforge.net,Female
472,Donica,Passe,dpassed3@twitter.com,Female
473,Karylin,Beadnell,kbeadnelld4@wikimedia.org,Female
474,Barris,Gowman,bgowmand5@google.es,Male
475,Minni,Goalley,mgoalleyd6@oracle.com,Female
476,Kaleena,Laurens,klaurensd7@hp.com,Female
477,Josselyn,MacVanamy,jmacvanamyd8@cbc.ca,Female
478,Wanids,Ewbanck,wewbanckd9@buzzfeed.com,Female
479,Rodd,Tudbald,rtudbaldda@mapy.cz,Male
480,Sandye,Pannaman,spannamandb@oakley.com,Female
481,Gardener,Tookey,gtookeydc@springer.com,Male
482,Brinn,Stubs,bstubsdd@dot.gov,Female
483,Dianne,Duck,dduckde@cdbaby.com,Female
484,Jessee,Corkell,jcorkelldf@is.gd,Male
485,Selestina,Durnford,sdurnforddg@virginia.edu,Female
486,Eldridge,Askam,easkamdh@globo.com,Male
487,Thalia,Barosch,tbaroschdi@utexas.edu,Female
488,Raina,Stearley,rstearleydj@webeden.co.uk,Female
489,Christen,Prandoni,cprandonidk@naver.com,Female
490,Ambur,Sherewood,asherewooddl@wisc.edu,Female
491,Jammie,Brewer,jbrewerdm@163.com,Female
492,Letizia,Oughton,loughtondn@cmu.edu,Female
493,Ddene,Starten,dstartendo@stanford.edu,Agender
494,Giacobo,Sleney,gsleneydp@4shared.com,Male
495,Oralla,Leney,oleneydq@e-recht24.de,Female
496,Boycie,Basham,bbashamdr@mayoclinic.com,Male
497,Sheff,Gorring,sgorringds@behance.net,Male
498,Britta,Balint,bbalintdt@t.co,Female
499,Tressa,Dayly,tdaylydu@hud.gov,Female
500,Oran,Karpets,okarpetsdv@fda.gov,Male
501,Corene,Reyner,creynerdw@naver.com,Female
502,Ced,Cuss,ccussdx@berkeley.edu,Male
503,Bord,Tomas,btomasdy@diigo.com,Male
504,Nathan,O'Hanlon,nohanlondz@virginia.edu,Male
505,Earle,Voysey,evoyseye0@noaa.gov,Male
506,Josy,Arnholz,jarnholze1@about.com,Non-binary
507,Joella,Broodes,jbroodese2@nbcnews.com,Female
508,Wyatan,Lantaff,wlantaffe3@hibu.com,Male
509,Herrick,Gove,hgovee4@wix.com,Male
510,Ingemar,Rusling,iruslinge5@msu.edu,Male
511,Haley,Grinyakin,hgrinyakine6@wikimedia.org,Female
512,Richie,Kirkman,rkirkmane7@4shared.com,Male
513,Nata,Noice,nnoicee8@youku.com,Female
514,Ryann,Rudwell,rrudwelle9@odnoklassniki.ru,Female
515,Leonid,Lamba,llambaea@springer.com,Male
516,Ilyssa,Heasly,iheaslyeb@hhs.gov,Female
517,Dudley,Reboul,dreboulec@japanpost.jp,Male
518,Giraud,Chstney,gchstneyed@newyorker.com,Male
519,Trixy,Georgescu,tgeorgescuee@weather.com,Female
520,Troy,Lattey,tlatteyef@census.gov,Male
521,Nomi,Gudyer,ngudyereg@sohu.com,Female
522,Adriana,Wayland,awaylandeh@google.com.hk,Female
523,Sindee,Vanyukhin,svanyukhinei@miitbeian.gov.cn,Female
524,Locke,De Simone,ldesimoneej@hexun.com,Male
525,Ailyn,Waldram,awaldramek@nbcnews.com,Female
526,Angelia,Robbins,arobbinsel@opensource.org,Female
527,Marshall,Sandell,msandellem@goo.gl,Genderqueer
528,Rosina,Tatam,rtatamen@usda.gov,Female
529,Cathy,Cake,ccakeeo@exblog.jp,Female
530,Cynthea,Hext,chextep@vkontakte.ru,Female
531,Vevay,Lorne,vlorneeq@nytimes.com,Female
532,Byrle,Boal,bboaler@unicef.org,Male
533,Murdoch,Souley,msouleyes@unblog.fr,Male
534,Brew,Chessel,bchesselet@cnn.com,Polygender
535,Beverlie,Diegan,bdieganeu@zimbio.com,Female
536,Hakeem,Sharple,hsharpleev@over-blog.com,Male
537,Hunt,Pedrick,hpedrickew@noaa.gov,Male
538,Farica,Jewess,fjewessex@guardian.co.uk,Agender
539,Forster,Whapples,fwhapplesey@scribd.com,Male
540,Ban,Wenderoth,bwenderothez@last.fm,Male
541,Bevan,ducarme,bducarmef0@un.org,Male
542,Teddie,Fydoe,tfydoef1@ihg.com,Male
543,Joline,O'Hanlon,johanlonf2@tmall.com,Bigender
544,Barri,Boorne,bboornef3@sina.com.cn,Male
545,Royal,Ramstead,rramsteadf4@opera.com,Male
546,Cleo,Stallion,cstallionf5@google.com.au,Genderfluid
547,Leeanne,Gorch,lgorchf6@technorati.com,Female
548,Brenden,Jullian,bjullianf7@technorati.com,Male
549,Kathlin,Feechan,kfeechanf8@google.ru,Female
550,Brnaby,Tigner,btignerf9@sohu.com,Male
551,Federico,Gateman,fgatemanfa@foxnews.com,Male
552,Pren,Tomlins,ptomlinsfb@wikipedia.org,Male
553,Anatola,Eakley,aeakleyfc@tinypic.com,Female
554,Hinze,Slimon,hslimonfd@state.tx.us,Male
555,Emery,Delleschi,edelleschife@china.com.cn,Male
556,Jamaal,Filliskirk,jfilliskirkff@indiegogo.com,Male
557,Gerianne,Pilbury,gpilburyfg@lycos.com,Female
558,Lotta,Westney,lwestneyfh@wix.com,Female
559,Corrinne,McNabb,cmcnabbfi@google.com.au,Female
560,Normie,Fish,nfishfj@amazonaws.com,Male
561,Maxie,Stroton,mstrotonfk@vk.com,Male
562,Timmy,Meaden,tmeadenfl@guardian.co.uk,Female
563,Kalindi,Reen,kreenfm@wordpress.org,Female
564,Laurens,Pietrowski,lpietrowskifn@discuz.net,Male
565,Broderick,Lindgren,blindgrenfo@tamu.edu,Male
566,Samaria,Buddle,sbuddlefp@infoseek.co.jp,Female
567,Mommy,Bowshire,mbowshirefq@nasa.gov,Female
568,Corny,Kevis,ckevisfr@ibm.com,Male
569,Nefen,Tracy,ntracyfs@yandex.ru,Male
570,Dan,Mcimmie,dmcimmieft@usnews.com,Male
571,Norman,O'Crigane,nocriganefu@usa.gov,Male
572,Mellicent,Goodsir,mgoodsirfv@slashdot.org,Female
573,Codi,Ivanyushin,civanyushinfw@pcworld.com,Male
574,Liana,Aizic,laizicfx@newyorker.com,Female
575,Jami,Meechan,jmeechanfy@amazon.de,Female
576,Aguste,Volleth,avollethfz@amazon.co.jp,Male
577,Gus,Akroyd,gakroydg0@vkontakte.ru,Genderfluid
578,Davin,Stickley,dstickleyg1@ebay.co.uk,Bigender
579,Toiboid,Grisenthwaite,tgrisenthwaiteg2@sohu.com,Male
580,Anthia,Stoner,astonerg3@scientificamerican.com,Female
581,Waylin,Dosdill,wdosdillg4@e-recht24.de,Male
582,Riane,Lempenny,rlempennyg5@aboutads.info,Female
583,Ray,Shitliff,rshitliffg6@va.gov,Male
584,Kelbee,Fulger,kfulgerg7@uol.com.br,Male
585,Velma,Yandell,vyandellg8@huffingtonpost.com,Female
586,Pepillo,Bedson,pbedsong9@vk.com,Agender
587,Erasmus,Gantzman,egantzmanga@theatlantic.com,Male
588,Clarke,Kilbane,ckilbanegb@mayoclinic.com,Male
589,Celestyn,Wardesworth,cwardesworthgc@reuters.com,Female
590,Izaak,Laite,ilaitegd@posterous.com,Male
591,Garfield,Slides,gslidesge@wp.com,Male
592,Nikita,Veivers,nveiversgf@fc2.com,Genderqueer
593,Jillana,Whitecross,jwhitecrossgg@sitemeter.com,Female
594,Joan,Chadbourne,jchadbournegh@ask.com,Genderqueer
595,Florence,Bonefant,fbonefantgi@mapquest.com,Female
596,Dexter,Alejandro,dalejandrogj@irs.gov,Male
597,Artemis,Childes,achildesgk@dmoz.org,Male
598,Eberto,Casine,ecasinegl@china.com.cn,Male
599,Cosmo,Coggeshall,ccoggeshallgm@wordpress.org,Male
600,Kirsteni,Vickers,kvickersgn@ucsd.edu,Female
601,Archie,Galia,agaliago@dmoz.org,Genderqueer
602,Stacy,Kindley,skindleygp@nasa.gov,Male
603,Leonard,Jefferys,ljefferysgq@jalbum.net,Male
604,Henriette,Burhouse,hburhousegr@blog.com,Female
605,Rufus,Saunt,rsauntgs@businesswire.com,Male
606,Sacha,Cannavan,scannavangt@examiner.com,Female
607,Demetri,Torricella,dtorricellagu@thetimes.co.uk,Male
608,Buck,Nelthrop,bnelthropgv@mac.com,Male
609,Sherm,Trobe,strobegw@amazonaws.com,Male
610,Thaddeus,Angerstein,tangersteingx@japanpost.jp,Male
611,Barton,Pettifer,bpettifergy@skyrock.com,Male
612,Jewelle,Highton,jhightongz@independent.co.uk,Female
613,Ruthy,Poulsen,rpoulsenh0@hexun.com,Female
614,Efren,Postle,epostleh1@gnu.org,Male
615,Mendel,Durak,mdurakh2@amazon.co.jp,Male
616,Gasper,Postgate,gpostgateh3@washingtonpost.com,Male
617,Dody,Bootland,dbootlandh4@gmpg.org,Female
618,Gaye,Meneghi,gmeneghih5@hp.com,Female
619,Gavin,Faunt,gfaunth6@pcworld.com,Male
620,Siobhan,Iaduccelli,siaduccellih7@digg.com,Female
621,Harlen,Shankland,hshanklandh8@acquirethisname.com,Male
622,Marji,Barfield,mbarfieldh9@nih.gov,Non-binary
623,Shelbi,Longthorn,slongthornha@joomla.org,Female
624,Winnie,Fontelles,wfontelleshb@nsw.gov.au,Male
625,Essie,McCurtain,emccurtainhc@tinyurl.com,Female
626,Forster,Klaes,fklaeshd@netlog.com,Male
627,Genni,Crocumbe,gcrocumbehe@mysql.com,Female
628,Rafaellle,Gittose,rgittosehf@uol.com.br,Polygender
629,Frans,Jackways,fjackwayshg@miibeian.gov.cn,Genderfluid
630,Mack,Flinders,mflindershh@soup.io,Male
631,Eddie,Flipsen,eflipsenhi@wikispaces.com,Female
632,Davon,Lace,dlacehj@vk.com,Male
633,Pascale,Toretta,ptorettahk@phoca.cz,Male
634,Lynett,Caven,lcavenhl@icq.com,Female
635,Laurence,Cudby,lcudbyhm@wired.com,Male
636,Jeralee,Lelande,jlelandehn@drupal.org,Female
637,Alonso,Maffei,amaffeiho@godaddy.com,Male
638,Bartholomeus,Wilsher,bwilsherhp@issuu.com,Male
639,Brooke,Kaveney,bkaveneyhq@craigslist.org,Female
640,Tanya,Haugen,thaugenhr@canalblog.com,Female
641,Eloisa,Baack,ebaackhs@rakuten.co.jp,Female
642,Tracie,Hinken,thinkenht@goo.ne.jp,Female
643,Lolita,MacCrosson,lmaccrossonhu@flavors.me,Female
644,Adey,Gecks,ageckshv@ca.gov,Female
645,Nolly,Mandell,nmandellhw@bigcartel.com,Male
646,Catrina,Ivashinnikov,civashinnikovhx@accuweather.com,Female
647,Selby,Tranckle,strancklehy@jalbum.net,Male
648,Berry,Glasscott,bglasscotthz@histats.com,Female
649,Pauli,MacTrustam,pmactrustami0@photobucket.com,Female
650,Brittne,Aronstam,baronstami1@reddit.com,Female
651,Rolland,Preble,rpreblei2@so-net.ne.jp,Male
652,Jerrold,Busby,jbusbyi3@prnewswire.com,Male
653,Livy,Skade,lskadei4@mlb.com,Female
654,Cart,Adnet,cadneti5@prlog.org,Male
655,Duke,Plaid,dplaidi6@usa.gov,Male
656,Alanson,MacGall,amacgalli7@bloomberg.com,Male
657,Barbra,Atterley,batterleyi8@washingtonpost.com,Female
658,Carver,Haggard,chaggardi9@posterous.com,Male
659,Dorie,Sweeney,dsweeneyia@globo.com,Male
660,Jaquenetta,MacAughtrie,jmacaughtrieib@ft.com,Female
661,Kirby,McGilbon,kmcgilbonic@cbc.ca,Male
662,Griz,McDuffie,gmcduffieid@ed.gov,Male
663,Rey,Castilla,rcastillaie@barnesandnoble.com,Female
664,Aksel,Charity,acharityif@columbia.edu,Male
665,Vladimir,Menpes,vmenpesig@alexa.com,Male
666,Roddie,Palley,rpalleyih@icio.us,Male
667,Boniface,Codlin,bcodlinii@indiatimes.com,Male
668,Lester,Berringer,lberringerij@tamu.edu,Male
669,Daphne,Duchart,dduchartik@freewebs.com,Female
670,Demetra,Arnow,darnowil@cyberchimps.com,Female
671,Georgeta,Silverson,gsilversonim@cnbc.com,Female
672,Margette,Holdworth,mholdworthin@vistaprint.com,Female
673,Ellery,Kingzett,ekingzettio@google.com.au,Male
674,Anita,Zoppo,azoppoip@nationalgeographic.com,Female
675,Carissa,Winkle,cwinkleiq@themeforest.net,Female
676,Norris,Gohier,ngohierir@chicagotribune.com,Male
677,Pete,Wasiela,pwasielais@toplist.cz,Male
678,Bastien,Lambrecht,blambrechtit@ox.ac.uk,Male
679,Loella,Cashford,lcashfordiu@pen.io,Female
680,Alfonse,Holstein,aholsteiniv@t-online.de,Male
681,Bondon,Cellone,bcelloneiw@senate.gov,Male
682,Jamie,McGuinness,jmcguinnessix@amazon.co.jp,Male
683,Dorella,Penman,dpenmaniy@gmpg.org,Female
684,Hi,Brik,hbrikiz@smh.com.au,Male
685,Olimpia,Hyde-Chambers,ohydechambersj0@shareasale.com,Female
686,Granthem,Damrell,gdamrellj1@mtv.com,Agender
687,Nisse,Legh,nleghj2@house.gov,Female
688,Roger,Tithacott,rtithacottj3@nps.gov,Male
689,Sue,Wilkisson,swilkissonj4@cloudflare.com,Female
690,Adore,Halsall,ahalsallj5@tamu.edu,Female
691,Tricia,Maccrie,tmaccriej6@bravesites.com,Female
692,Pierette,Pitblado,ppitbladoj7@twitpic.com,Female
693,Lane,Bearfoot,lbearfootj8@usnews.com,Non-binary
694,Reiko,Vials,rvialsj9@globo.com,Female
695,Stoddard,Lewer,slewerja@desdev.cn,Female
696,Darbee,Brundall,dbrundalljb@hibu.com,Male
697,Mateo,Sans,msansjc@51.la,Male
698,Cordie,Eick,ceickjd@usnews.com,Male
699,Rebeca,Charle,rcharleje@edublogs.org,Female
700,Andrus,Tesseyman,atesseymanjf@state.gov,Male
701,Iver,Caiger,icaigerjg@wikimedia.org,Genderfluid
702,Maudie,Betty,mbettyjh@stumbleupon.com,Female
703,Simeon,Langstrath,slangstrathji@clickbank.net,Male
704,Diena,Beyne,dbeynejj@ucla.edu,Female
705,Nesta,Dewberry,ndewberryjk@storify.com,Genderqueer
706,Mariele,Chilver,mchilverjl@trellian.com,Female
707,Garwood,Gianolo,ggianolojm@imageshack.us,Male
708,Gil,Pochin,gpochinjn@cocolog-nifty.com,Male
709,Roderick,McConnulty,rmcconnultyjo@bluehost.com,Male
710,Lek,Trudgian,ltrudgianjp@google.co.uk,Male
711,Danit,Ferenczi,dferenczijq@sbwire.com,Female
712,Isaiah,Orridge,iorridgejr@statcounter.com,Male
713,Wilhelm,Simonato,wsimonatojs@un.org,Male
714,Miltie,McDunlevy,mmcdunlevyjt@cocolog-nifty.com,Genderfluid
715,Madelle,Lutton,mluttonju@ovh.net,Female
716,Katrina,Nibley,knibleyjv@qq.com,Female
717,Malachi,Evamy,mevamyjw@cargocollective.com,Male
718,Neron,Naile,nnailejx@uol.com.br,Male
719,Leroi,Orange,lorangejy@forbes.com,Male
720,Georgie,MacGillivray,gmacgillivrayjz@toplist.cz,Female
721,Hunter,Horsewood,hhorsewoodk0@census.gov,Male
722,Mattie,Hampson,mhampsonk1@va.gov,Male
723,Chrystal,Monier,cmonierk2@soup.io,Female
724,Micheil,Oak,moakk3@nytimes.com,Male
725,Arman,Hulls,ahullsk4@stanford.edu,Male
726,Corrine,Ormston,cormstonk5@hatena.ne.jp,Female
727,Cassandre,Paulat,cpaulatk6@t-online.de,Female
728,Staford,Duddle,sduddlek7@virginia.edu,Male
729,Robbin,Harrema,rharremak8@google.co.jp,Female
730,Hollis,Severn,hsevernk9@phoca.cz,Male
731,Em,Joel,ejoelka@artisteer.com,Male
732,Salvidor,Cheasman,scheasmankb@slashdot.org,Male
733,Valdemar,Strood,vstroodkc@nba.com,Male
734,Kevin,Gavan,kgavankd@nba.com,Male
735,Dallon,Note,dnoteke@hp.com,Male
736,Clementius,Oddy,coddykf@tumblr.com,Male
737,Auguste,Bresner,abresnerkg@eepurl.com,Female
738,Lindsey,Sowten,lsowtenkh@hugedomains.com,Female
739,Catherin,Jerrard,cjerrardki@sciencedaily.com,Female
740,Millard,Shakelady,mshakeladykj@slashdot.org,Male
741,Corey,Dadge,cdadgekk@chicagotribune.com,Male
742,Mommy,Monget,mmongetkl@furl.net,Female
743,Juieta,Itzkowicz,jitzkowiczkm@jiathis.com,Female
744,Celka,Sparwell,csparwellkn@home.pl,Female
745,Christabella,Milmoe,cmilmoeko@blinklist.com,Female
746,Chad,Mosco,cmoscokp@independent.co.uk,Male
747,Enoch,McRavey,emcraveykq@bizjournals.com,Male
748,Rockey,Riteley,rriteleykr@skype.com,Male
749,Cristine,O'Donohue,codonohueks@msu.edu,Female
750,Margo,Sundin,msundinkt@about.me,Female
751,Cosetta,Dannohl,cdannohlku@wikimedia.org,Female
752,Nathalia,Leuchars,nleucharskv@dell.com,Female
753,Hagan,Dyer,hdyerkw@squidoo.com,Male
754,Theodor,Dowbakin,tdowbakinkx@wikia.com,Male
755,Joice,Fearn,jfearnky@exblog.jp,Female
756,Vannie,Haggata,vhaggatakz@myspace.com,Genderfluid
757,Sly,Sarchwell,ssarchwelll0@walmart.com,Male
758,Nicky,Vercruysse,nvercruyssel1@bravesites.com,Female
759,Shari,Angelo,sangelol2@microsoft.com,Female
760,Albertina,Buckland,abucklandl3@ucoz.com,Female
761,Hillary,Dallow,hdallowl4@pinterest.com,Male
762,Vern,Pallasch,vpallaschl5@addthis.com,Male
763,Alida,Illes,aillesl6@lycos.com,Genderfluid
764,Vinny,Ormistone,vormistonel7@engadget.com,Female
765,Molli,Busse,mbussel8@zdnet.com,Female
766,Kristofer,Nappin,knappinl9@whitehouse.gov,Male
767,Faythe,Benmore,fbenmorela@domainmarket.com,Female
768,Ambrosio,Mor,amorlb@bravesites.com,Male
769,Scotti,Weir,sweirlc@indiatimes.com,Male
770,Hobie,Neligan,hneliganld@hibu.com,Male
771,Lotty,Duffet,lduffetle@apple.com,Female
772,Sonnnie,Leap,sleaplf@wisc.edu,Genderfluid
773,Antoine,Petrushka,apetrushkalg@reverbnation.com,Male
774,Delinda,Lidington,dlidingtonlh@jugem.jp,Female
775,Garek,Varty,gvartyli@archive.org,Male
776,Hagen,Brobeck,hbrobecklj@narod.ru,Male
777,Eal,Rackstraw,erackstrawlk@chronoengine.com,Male
778,Loella,Gavey,lgaveyll@google.com.br,Female
779,Leona,Blackstone,lblackstonelm@gmpg.org,Female
780,Clayborne,Prestedge,cprestedgeln@yandex.ru,Male
781,Shurlock,Durtnell,sdurtnelllo@state.gov,Male
782,Glen,Pawellek,gpawelleklp@mail.ru,Male
783,Kleon,Bluett,kbluettlq@domainmarket.com,Male
784,Page,Sweed,psweedlr@unc.edu,Female
785,Jaynell,Skillman,jskillmanls@php.net,Female
786,Agna,Renard,arenardlt@cloudflare.com,Female
787,Gavan,McKinless,gmckinlesslu@nhs.uk,Male
788,Dredi,Gotliffe,dgotliffelv@sciencedirect.com,Female
789,Gratiana,Tewkesbury.,gtewkesburylw@umich.edu,Female
790,Cullan,Espinal,cespinallx@themeforest.net,Male
791,Wilden,Stonelake,wstonelakely@ezinearticles.com,Male
792,Roi,Dibdin,rdibdinlz@homestead.com,Male
793,Cleon,Acreman,cacremanm0@free.fr,Male
794,Pierre,Wallenger,pwallengerm1@earthlink.net,Male
795,Rory,Eastwell,reastwellm2@hp.com,Male
796,Tabina,Standell,tstandellm3@telegraph.co.uk,Female
797,Greta,Cuppleditch,gcuppleditchm4@hatena.ne.jp,Female
798,Emylee,Kenworthey,ekenwortheym5@theguardian.com,Female
799,Moina,Glackin,mglackinm6@csmonitor.com,Female
800,Merv,Howett,mhowettm7@aol.com,Polygender
801,Moise,Willerstone,mwillerstonem8@homestead.com,Male
802,Adelice,Frobisher,afrobisherm9@ucla.edu,Female
803,Sauveur,McConnulty,smcconnultyma@soup.io,Male
804,Julie,Yakushkev,jyakushkevmb@a8.net,Male
805,Pier,Cretney,pcretneymc@dailymotion.com,Female
806,Salvidor,Pym,spymmd@rakuten.co.jp,Male
807,Ludovico,Scramage,lscramageme@canalblog.com,Male
808,Melvin,Emmanueli,memmanuelimf@homestead.com,Male
809,Wendie,Cruess,wcruessmg@jigsy.com,Female
810,Andros,Brownsill,abrownsillmh@spiegel.de,Male
811,Odelia,Adlem,oadlemmi@salon.com,Female
812,Stan,Barnewell,sbarnewellmj@hatena.ne.jp,Male
813,Corabelle,Dredge,cdredgemk@uiuc.edu,Bigender
814,Bo,Capitano,bcapitanoml@cnbc.com,Male
815,Andrea,Twinterman,atwintermanmm@businesswire.com,Male
816,Britney,Durrad,bdurradmn@wix.com,Female
817,Albina,Kobsch,akobschmo@ucla.edu,Female
818,Nada,Paulisch,npaulischmp@columbia.edu,Female
819,Ellette,Metschke,emetschkemq@biglobe.ne.jp,Female
820,Melisa,de Courcey,mdecourceymr@cbc.ca,Female
821,Ronni,Georgot,rgeorgotms@ustream.tv,Female
822,Ardelle,Middleton,amiddletonmt@earthlink.net,Female
823,Melisande,Pavis,mpavismu@privacy.gov.au,Female
824,Ginnie,Le Grys,glegrysmv@oracle.com,Female
825,Leeland,Blindt,lblindtmw@biblegateway.com,Male
826,Eydie,Copnall,ecopnallmx@gmpg.org,Female
827,Anabelle,Philipsson,aphilipssonmy@angelfire.com,Female
828,Mersey,Roseby,mrosebymz@nhs.uk,Polygender
829,Lizzie,Bachshell,lbachshelln0@guardian.co.uk,Female
830,Abbe,Glenn,aglennn1@hubpages.com,Female
831,Filberto,Hugnot,fhugnotn2@domainmarket.com,Male
832,Joanie,Baulch,jbaulchn3@rakuten.co.jp,Female
833,Roselin,Tindley,rtindleyn4@howstuffworks.com,Bigender
834,Cecilio,Zellner,czellnern5@irs.gov,Male
835,Alana,Connochie,aconnochien6@cam.ac.uk,Female
836,See,Cockshot,scockshotn7@usnews.com,Male
837,Sollie,Scimonelli,sscimonellin8@prweb.com,Male
838,Constantin,Kirsche,ckirschen9@list-manage.com,Non-binary
839,Lee,Byatt,lbyattna@tmall.com,Male
840,Geno,Aleixo,galeixonb@washington.edu,Bigender
841,Gan,Brickett,gbrickettnc@liveinternet.ru,Male
842,Cindelyn,Colebrook,ccolebrooknd@yahoo.com,Female
843,Fianna,Dulson,fdulsonne@tinypic.com,Female
844,Bonni,Prestedge,bprestedgenf@acquirethisname.com,Female
845,Eal,Curle,ecurleng@webs.com,Male
846,Vitia,Kolyagin,vkolyaginnh@washington.edu,Female
847,Earvin,Tison,etisonni@paginegialle.it,Male
848,Meg,David,mdavidnj@tumblr.com,Female
849,Clemmie,Shelvey,cshelveynk@earthlink.net,Female
850,Bruce,Pleming,bplemingnl@deviantart.com,Male
851,Nicolina,Munnery,nmunnerynm@nature.com,Female
852,Darlene,Chadburn,dchadburnnn@netvibes.com,Female
853,Hailee,Spreadbury,hspreadburyno@jugem.jp,Agender
854,Corrie,Nisbet,cnisbetnp@indiatimes.com,Male
855,Malanie,Dewsnap,mdewsnapnq@archive.org,Female
856,Sheelagh,Biskupiak,sbiskupiaknr@github.com,Female
857,Spike,Skinn,sskinnns@google.ru,Male
858,Deirdre,Paylor,dpaylornt@csmonitor.com,Female
859,Rogerio,Jewel,rjewelnu@mediafire.com,Male
860,Marlane,Ault,maultnv@columbia.edu,Female
861,Marcia,Cranage,mcranagenw@tripod.com,Female
862,Colman,Pugh,cpughnx@mozilla.com,Male
863,Emelda,Braley,ebraleyny@slideshare.net,Female
864,Benoit,Cline,bclinenz@deliciousdays.com,Male
865,Basil,Brockest,bbrockesto0@webs.com,Male
866,Jozef,Cammoile,jcammoileo1@issuu.com,Male
867,Glynnis,Barson,gbarsono2@csmonitor.com,Female
868,Lucais,Cowan,lcowano3@istockphoto.com,Male
869,Christiano,Ivankin,civankino4@dot.gov,Male
870,Phillipp,Letson,pletsono5@slashdot.org,Non-binary
871,Bunnie,Kalaher,bkalahero6@globo.com,Female
872,Chaim,Searchfield,csearchfieldo7@bing.com,Male
873,Raquel,Challen,rchalleno8@gnu.org,Female
874,Blisse,Kohneke,bkohnekeo9@gmpg.org,Female
875,Abe,Fowell,afowelloa@adobe.com,Male
876,Nissie,Abbs,nabbsob@php.net,Female
877,Lewiss,Burhouse,lburhouseoc@ca.gov,Male
878,Lammond,Clymo,lclymood@google.cn,Genderqueer
879,Wilmer,Koeppe,wkoeppeoe@bbb.org,Male
880,Porter,Banner,pbannerof@rambler.ru,Male
881,Sherri,Dymond,sdymondog@marketwatch.com,Genderfluid
882,Hortense,Sterrie,hsterrieoh@shinystat.com,Female
883,Elvis,Begbie,ebegbieoi@drupal.org,Male
884,Cherin,Bullman,cbullmanoj@boston.com,Female
885,Rhodia,Delgadillo,rdelgadillook@springer.com,Female
886,Humfrid,Burgwyn,hburgwynol@ucoz.com,Male
887,Willabella,Kitchingman,wkitchingmanom@opera.com,Female
888,Yasmeen,Bosma,ybosmaon@odnoklassniki.ru,Female
889,Louisa,MacCrann,lmaccrannoo@google.com.br,Female
890,Zared,Alyukin,zalyukinop@homestead.com,Male
891,Melvyn,Polini,mpolinioq@furl.net,Male
892,Palm,Swabey,pswabeyor@youtu.be,Non-binary
893,Celina,Hercock,chercockos@telegraph.co.uk,Bigender
894,Eal,Jadczak,ejadczakot@myspace.com,Male
895,Samara,Lamar,slamarou@usda.gov,Female
896,Silvana,Tolman,stolmanov@paginegialle.it,Non-binary
897,Berrie,McIlwain,bmcilwainow@g.co,Female
898,Gael,Foulks,gfoulksox@flickr.com,Genderfluid
899,Kathryn,Haycraft,khaycraftoy@timesonline.co.uk,Female
900,Hasty,Blaxland,hblaxlandoz@dot.gov,Genderqueer
901,Clareta,Sunnex,csunnexp0@nsw.gov.au,Female
902,Bruis,Linnemann,blinnemannp1@oaic.gov.au,Male
903,Gerick,Shergill,gshergillp2@dedecms.com,Male
904,Cordula,Rigbye,crigbyep3@state.gov,Female
905,Barde,Eveleigh,beveleighp4@csmonitor.com,Male
906,Hershel,Crut,hcrutp5@google.com.br,Male
907,Fina,Sexcey,fsexceyp6@paypal.com,Female
908,Francis,Kisar,fkisarp7@va.gov,Male
909,Barrett,Espinel,bespinelp8@chronoengine.com,Male
910,Corabelle,Legging,cleggingp9@nyu.edu,Agender
911,Conrado,O'Loinn,coloinnpa@narod.ru,Male
912,Elsa,Wiltsher,ewiltsherpb@goodreads.com,Female
913,Germain,de Guerre,gdeguerrepc@ucoz.com,Male
914,Melantha,Garthside,mgarthsidepd@nhs.uk,Female
915,Jerome,Decent,jdecentpe@51.la,Male
916,Reidar,Antram,rantrampf@amazon.co.uk,Male
917,Meryl,Rainton,mraintonpg@cloudflare.com,Male
918,Odilia,Avrahamoff,oavrahamoffph@nasa.gov,Female
919,Bobine,Reggiani,breggianipi@mediafire.com,Female
920,Nicolai,Tassaker,ntassakerpj@wikimedia.org,Male
921,Borg,Piscopello,bpiscopellopk@ucoz.ru,Male
922,Aloysia,Knutton,aknuttonpl@cpanel.net,Female
923,Miles,Geely,mgeelypm@tinypic.com,Male
924,Dre,Gallehawk,dgallehawkpn@jiathis.com,Female
925,Godwin,Realph,grealphpo@g.co,Male
926,Lauryn,Hardaway,lhardawaypp@ox.ac.uk,Female
927,Holden,Westbury,hwestburypq@geocities.jp,Male
928,Noam,Hurne,nhurnepr@about.com,Male
929,Bart,Druett,bdruettps@hc360.com,Male
930,Hill,Jery,hjerypt@zimbio.com,Male
931,Chloette,Pickton,cpicktonpu@blogtalkradio.com,Female
932,Gabriel,Concklin,gconcklinpv@time.com,Agender
933,Gerti,MacConnel,gmacconnelpw@addthis.com,Female
934,Carmelita,Shooter,cshooterpx@fotki.com,Female
935,Bordy,Wallbanks,bwallbankspy@sphinn.com,Male
936,Evaleen,Neilan,eneilanpz@bandcamp.com,Female
937,Fleming,Koopman,fkoopmanq0@bing.com,Male
938,Bar,Yukhnini,byukhniniq1@tripadvisor.com,Male
939,Rickie,Fellow,rfellowq2@drupal.org,Male
940,Benjamin,Jirka,bjirkaq3@51.la,Male
941,Shae,Clears,sclearsq4@myspace.com,Male
942,Rosella,Hinder,rhinderq5@discovery.com,Female
943,Ernest,Gawne,egawneq6@europa.eu,Male
944,Christye,Matteris,cmatterisq7@live.com,Female
945,Ida,Harley,iharleyq8@webnode.com,Female
946,Ema,Dawby,edawbyq9@webeden.co.uk,Female
947,Katleen,Stone Fewings,kstonefewingsqa@cmu.edu,Female
948,Elia,MacCahey,emaccaheyqb@va.gov,Male
949,Obadiah,Goodyer,ogoodyerqc@weibo.com,Male
950,Missie,Thornebarrow,mthornebarrowqd@zdnet.com,Female
951,Georgy,Buller,gbullerqe@ifeng.com,Male
952,Ruby,Moggle,rmoggleqf@whitehouse.gov,Male
953,Cornall,Zoren,czorenqg@ca.gov,Male
954,Beck,Bellworthy,bbellworthyqh@shutterfly.com,Male
955,Paula,Weavers,pweaversqi@joomla.org,Female
956,Vivien,Kinny,vkinnyqj@odnoklassniki.ru,Female
957,Adolphe,Flipek,aflipekqk@auda.org.au,Male
958,Clementina,Ketts,ckettsql@google.nl,Female
959,Cliff,Shotter,cshotterqm@jiathis.com,Male
960,Tomas,Bence,tbenceqn@woothemes.com,Male
961,Anna-diane,Hastilow,ahastilowqo@so-net.ne.jp,Female
962,Ashlee,Buckland,abucklandqp@webs.com,Female
963,Annadiane,Vousden,avousdenqq@mlb.com,Female
964,Jae,Wyeth,jwyethqr@github.com,Male
965,Brunhilde,Feron,bferonqs@vkontakte.ru,Non-binary
966,Jason,Vamplew,jvamplewqt@businesswire.com,Male
967,Eugen,Furphy,efurphyqu@a8.net,Male
968,Merell,Hawket,mhawketqv@reference.com,Male
969,Ruby,Boffey,rboffeyqw@flickr.com,Female
970,Billy,Bowerbank,bbowerbankqx@odnoklassniki.ru,Male
971,Anestassia,Cottam,acottamqy@newyorker.com,Female
972,Murry,Maskelyne,mmaskelyneqz@csmonitor.com,Male
973,Arman,Blaszkiewicz,ablaszkiewiczr0@wunderground.com,Male
974,Evonne,Ranscome,eranscomer1@hatena.ne.jp,Female
975,Vickie,Puncher,vpuncherr2@seattletimes.com,Female
976,Archambault,Bottoner,abottonerr3@gizmodo.com,Male
977,Bartlet,MacPaik,bmacpaikr4@fema.gov,Male
978,Normie,Rippen,nrippenr5@scribd.com,Male
979,Karilynn,MacColgan,kmaccolganr6@unblog.fr,Female
980,Obed,Littleton,olittletonr7@bbc.co.uk,Male
981,Gordie,Ulyat,gulyatr8@ucla.edu,Male
982,Nev,Haskett,nhaskettr9@bizjournals.com,Male
983,Salomi,Buyers,sbuyersra@berkeley.edu,Female
984,Cathrine,Giabuzzi,cgiabuzzirb@macromedia.com,Female
985,Shelia,Oakley,soakleyrc@msn.com,Female
986,Farah,Penberthy,fpenberthyrd@yellowpages.com,Female
987,Doll,Exter,dexterre@cmu.edu,Female
988,Dag,Crunkhorn,dcrunkhornrf@plala.or.jp,Male
989,Artie,Jendricke,ajendrickerg@blogs.com,Male
990,Loria,Pafford,lpaffordrh@baidu.com,Female
991,Nataline,Fearenside,nfearensideri@netvibes.com,Female
992,Suki,Sannes,ssannesrj@sbwire.com,Female
993,Jerrine,Hrinchenko,jhrinchenkork@ycombinator.com,Female
994,Carleen,Ridgedell,cridgedellrl@yolasite.com,Female
995,Ivie,Perren,iperrenrm@github.io,Female
996,Dolly,McGlade,dmcgladern@posterous.com,Female
997,Elysee,Bedow,ebedowro@alibaba.com,Female
998,Yorke,Pharo,ypharorp@nsw.gov.au,Male
999,Alasdair,Jakubiak,ajakubiakrq@studiopress.com,Male
1000,Quincy,Nisius,qnisiusrr@google.ca,Male
